{"language":"KOREANLATIN","ngrams":{"1/1":"ût ąz ĕr ęc ļi ľa ŏu œu ťa źw ſg ƚa ƣa ǎn ǒu ǫr ɤu ɲʲ ʃi ʌɪ ʎʲ ˣn ḓa ḥa ḱr ṅk ṛṣ ấn ần ậu ằn ễn ỉn ờn ởi ụy ỳn ⅷt ｊｂ ｕt ｙｚ","1/10":"şk şl ⅴn ｅｄ ｅｍ ｅｒ ｓm ｓａ ｓｃ ｓｆ ｓｍ ｓｐ","1/101":"ⅰa ⅰp ⅰr ⅰs ⅰt","1/10133685":"iâ iã iæ ið iô iú iÿ iā ił iŋ iō iř iž iǎ iⅲ iⅳ iⅶ iｘ","1/106123":"pz","1/109":"éb éu","1/1093968":"jö","1/11":"ın ır ōn ōu ｔu","1/1125965":"ié","1/11702":"vé vö vư","1/1195252":"hü","1/12":"ñu ăm ăr ăs ｐg ｐｅ ｐｏ","1/1203156":"wł","1/121552":"jf","1/1249285":"lè lⅲ","1/1252936":"sí","1/12579789":"uâ uç uè ué uð uñ uč uğ uţ uǀ uṭ uố uỳ uⅲ uⅴ uⅷ uｍ","1/13":"čn ği ğn ğr ğı īb īe īl īv īw īz ａw ａｉ ａｎ","1/1300437":"rú rā rı","1/13368257":"gá gä gå gî gö gù gơ gụ","1/1367460":"jä jó jü","1/14":"æl æn","1/14204":"fã fê fó fő","1/1474273":"bä","1/1494065":"hè hí hô hú hō","1/15":"åe åg åh år øc øl đà đô đạ đả ｘy","1/1550699":"ká kø ký kě kı kⅲ","1/1566170":"sā","1/16":"êc êu öm ｏm ｏｎ ｏｐ","1/164860":"sz","1/1649401":"oｍ","1/16494010":"oß oá oç oé oë oí oñ oö oû oń oḥ oⅳ","1/16841067":"aº aá aë að aē ał ań ař aż až aƣ aʊ aṅ aṇ aⅲ aⅳ aⅴ","1/17":"ßb ßl ßs ūc ūf ūg ūk ūm ūr ūs ｇj ｇu","1/1706996":"cè có cô cı cł cœ cū cƚ cʲ cộ cｏ","1/17890180":"nå ní nô nø nú ný ně nī nı nɪ nḓ nⅲ nⅴ","1/18":"ºf ºi ºm","1/1804091":"pá pè pê pö pā pă pž pȟ pɨ pắ pⅰ pⅲ","1/181":"ⅱw","1/19":"ôw","1/2":"õe þj þó ņa ņš ří ǃk ǃx ɛu ɛɛ ʒə ḫu ḫā ṇi ốc ⅵd ⅵg ｈg ｈs ｌu ｌｈ","1/20":"öd ög ös","1/21":"âb âm ây úb úc ús út še šj šl šť ⅲd","1/22":"ác äc äd äg äi äl íc ít ıf ım ıç ığ ｔｉ ｔｏ","1/22442333":"eß eå eé eí eö eğ eł eň eş ež eɪ eⅰ eⅲ","1/23":"ⅳg ⅳi ⅳr ⅳt ⅳw","1/23404":"vè vò vó võ vý vɔ","1/24":"ñi ñn","1/2406312":"wà wó wö wą wⅱ","1/2460523":"yq yê yı","1/2498570":"lê lı lｏ","1/2555740":"nⅰ","1/27":"ód ós ót ów āh āk ām łe łę","1/2734920":"jx jæ jā","1/2838":"xⅰ xⅱ","1/28408":"fá fâ fè fú fă fē","1/2948546":"bâ bì bô bī bł bō bə","1/2988130":"hä hó hạ hắ hủ","1/3":"ăn ŋk św żw ży ža že ǂh ȟa ʲg ʲn ʲr ṣṣ ṣṭ ạc ại ạm ắc ắk ắn ệu ội ộn ủn ｋｃ ｋｉ ｋｏ","1/30388":"jn","1/307":"ｍn","1/3101398":"kä ké kò kă kī kļ kō kŏ kǒ kɛ kⅳ kⅴ kⅵ","1/3132340":"sú sⅱ","1/3142081":"tâ tç të tò tõ tı tř tū tǔ tɔ tɨ tɪ tʔ tỵ tⅰ tⅱ","1/32":"çd çe ｃy ｃｃ ｃｄ ｃｊ ｃｔ ｏｔ","1/3269":"qy qí qā qₘ","1/327":"éf éj éq éʔ","1/3298802":"oⅰ","1/33":"àl àm ào àp äf äm äs äu íg íl ír ív","1/3377895":"iê iš iệ iⅰ","1/34":"ｇs ｇａ ｇｏ","1/3551":"fq fz","1/3901311":"rê rð rò rô rø ră rī rş rū rɔ rˣ rấ","1/4":"õn ěi ěk ěl ře ɪd ɪn ṭb ṭi ṭū ải ồi ｄg ｄｏ ｆｔ ｉｃ ｉｓ ｒａ ｒｐ ｒｘ","1/40":"öc öf öh öt öv öö","1/401052":"wq","1/4187":"zq zé zó zô zü","1/4193263":"uí uš","1/4257":"xī xⅲ","1/43":"xa xy","1/433479":"rä","1/44":"ái áj ák áz áñ áŋ ｔd ｔt ｔａ ｔｆ ｔｒ ｔｔ","1/4416097":"mã mæ mê mù mī mō mⅲ mⅳ","1/4472545":"nā","1/45":"èc èi èt","1/47":"üg","1/4921046":"yè yì yö yü yū yḫ yồ yⅰ","1/499714":"lä","1/4997140":"là lâ lã læ lì lù lý lā lū lż lɪ lộ lⅰ lｃ","1/5":"îl îs ît ðm ðr ör ør ùa ùi ùr ýc ýr đỗ şt şı ţa ţc ţu ɔr ɔɔ ɔɪ ｅｅ ｅｉ ｎi ｎｃ ｎｇ ｎｐ ｓg","1/5217043":"dà dò dú dă dē dī dı dľ də dʌ dṛ","1/54":"āb ād āg āp āt āv āţ āṣ","1/546984":"jq","1/5469840":"já jí jǫ","1/5613689":"aé aï aŋ aş","1/5851":"vq vá","1/597626":"hâ","1/5976260":"hå hæ hò hõ hù hă hī hū hư hả hầ hậ hằ hồ hộ hở hứ hⅱ","1/6":"ïd ïr ñe žs ǂk ǂo ɨn ɨʔ","1/601578":"wü","1/614":"ｍa ｍs ｍａ ｍｅ ｍｆ","1/6264680":"sä sô sõ sö sù sī sɔ sə số","1/63":"ⅲa ⅲh ⅲi ⅲn ⅲy","1/630871":"mā","1/66":"äb äh ää íd ík ím íu íy íñ","1/675579":"ió","1/7":"æd æt ìd ìn òa òn úa ún ša ši šk əb","1/8":"ên ña ćw ěc ěr ɪb ɪk ɪp ʔa ʔp ʔy ʔɨ ⅶe ｂl ｂs ｂｏ ｆi ｆt ｆａ ｉｌ ｉｍ ｉｏ ｉｒ ｏｅ","1/80":"öe ök öy öz","1/802104":"wä","1/81":"ób óc óf óh óz","1/8247005":"oà oł oš","1/8514":"xã xè xé","1/853498":"cà cá cā cả","1/88":"áb áf ág áh áp áĕ","1/8945090":"nä næ","1/9":"ºs èn ār ēa ēk ēn ēs ło ŋg ŋu ŋw","1/94":"üe ük üm üu üw","1/999428":"lö","10/17":"ße","10/21":"ât","10/298813":"hb","10/3142081":"tí","10/327":"éc","10/426749":"cx","10/4416097":"mä","1001/3142081":"tf","10037/675579":"iw","101466/22442333":"ec","101556/1804091":"pg","1016/5217043":"dg","1021/28408":"ff","1028810/13368257":"gi","103/23404":"vl vy","103007/4416097":"md","1031/2948546":"bb","1039/3132340":"sb","104233/4416097":"mj","1042889/5613689":"ae","1052/5217043":"dp","105914/5613689":"ad","1065/853498":"cd","1065731/5217043":"de","106779/894509":"ne","1069/2948546":"bg","107/5217043":"dx","1073/1566170":"sk","1073/853498":"cs","107444/1804091":"ps","10828/1474273":"bw","108958/1804091":"pu","1096/341865":"jw","11/1195252":"hv","11/12579789":"uⅱ","11/18":"ºc","11/2498570":"lq","11/2948546":"bé","11/3132340":"sé","11/3142081":"tä tü","11/614":"ｍw","11/6264680":"sü","11/7102":"fv","112/433479":"rl","112246/22442333":"ey","1124296/12579789":"ui","1126/1474273":"bl","112614/4416097":"mg","11269/1252936":"sy","113/28408":"fh","114913/2026737":"il","115/1195252":"hs","1151/3901311":"rp","115628/16841067":"ab","1158/5851":"ve","11626/12579789":"ua","117/5976260":"hf","1188659/5469840":"ja","119/3132340":"sq","119498/1494065":"hw","1199298/13368257":"go","12/101":"ⅰe","12/1249285":"lz","12/13368257":"gq","1200/5217043":"dc","12079/440595":"ie","121/630871":"mf","1210432/5217043":"do","1215/22442333":"ef","1217/1706996":"cp","122/4187":"zs","1226/3142081":"tn","123/16494010":"oz","123/28408":"fk","123/4187":"zy","1231/3132340":"sp","1237861/6264680":"si","125932/1550699":"ks","126833/1550699":"kg","127/2838":"xt","128/4257":"xx","128274/1550699":"kj","1283/1706996":"cj","1285/2406312":"wh","12949/630871":"mh","13/13368257":"gz gⅱ","13/14":"ão","13/181":"ⅱy","13/24":"ño","13/2948546":"bz","13/303880":"js","13/313234":"sv","13/32":"ça","13/3269":"qv","13/4257":"xv","13/44":"ｔg","13/45":"èr","13/47":"ür","13/473":"xc","13/66":"ía ín","130/16841067":"aq","1309727/5469840":"ji","1324/3901311":"rr","132610/1804091":"pi","13311/4472545":"nw","1334/3901311":"rg","133685/12579789":"up","134869/3901311":"ru","135/4187":"zz","135931/1823280":"jo","1366/3901311":"rm","136729/4997140":"ly","1373/22442333":"ev","137561/1474273":"bi","1379/16841067":"av","138698/1804091":"po","1387612/12579789":"ur","139428/4193263":"ug","139864/13368257":"gc","14/181":"ⅱe","14/27":"ła","14/327":"ép","140338/1550699":"kk","1407341/6264680":"sa","140891/4416097":"ms","141068/12579789":"uh","141797/4472545":"ni","1433081/3901311":"re","1440/1804091":"pm","1441/1804091":"pn","146/3269":"ql","146444/10133685":"iy","1465/28408":"fr","146600/12579789":"ub","147/467":"qu","147/5613689":"az","148/630871":"ml","149/1203156":"wb","149941/3101398":"ko","15/1706996":"cé","15/267368":"wf","15/307":"ｍu","15/4187":"zj","15/4416097":"mü","15/94":"ün","150576/3142081":"tg","150838/8247005":"od","1509/2948546":"bm","151/23404":"vh","1515/5217043":"dn","1517956/5613689":"an","153/11702":"vc","154354/22442333":"eb","1545/1706996":"cg","156333/16494010":"oy","156671/267368":"wa","157/2406312":"wu","157/2460523":"yg","157/2555740":"nf","1595979/2988130":"ha","1597/16841067":"af","16/181":"ⅱg","16/433479":"rx","16/5217043":"dé","160/990651":"aa","161/4257":"xr","1617/853498":"ci","16280/4416097":"mw","163/1367460":"jt","163219/4997140":"lj","1634/1804091":"ph","164/4472545":"nl","164379/22442333":"ei","1657/1706996":"cl","16797/1550699":"kc","168/4187":"zu","1685/5217043":"ds","16856/1550699":"kt","168687/2948546":"by","169283/12579789":"ud","1695871/2460523":"ye","17/126648":"wr","17/1419":"xd","17/2460523":"yv","17/32":"ｃｏ","17/4921046":"yx","17/614":"ｍd ｍg","17/911640":"jk","1708513/10133685":"in","171172/8247005":"oh","1719/4416097":"mr","172/401311":"dr","172727/17890180":"nm","173/4921046":"yb","173051/17890180":"nb","1737/14204":"fa","175/2406312":"wk","175908/22442333":"ek","1779/22442333":"ex","178548/4416097":"mn","179/5613689":"ax","179143/16841067":"ap","1795969/5469840":"je","18/1474273":"bx","18/1804091":"pé","1802960/13368257":"ge","1807/23404":"va","182/1300437":"rv","182891/13368257":"gm","184359/8247005":"oj","1861/6264680":"sr","187012/10133685":"ib","187321/22442333":"em","188927/3298802":"oe","188973/3132340":"so","18938/638935":"nh","1899/630871":"mt","19/126648":"wc","19/2498570":"lé","19/41215":"sc","19/440595":"ix","19/4472545":"nq","191/5469840":"jg","1915/3101398":"kr","192317/802104":"wo","193/1550699":"kf","193263/5613689":"ak","194377/2460523":"ya","19504/1550699":"kp","196322/16841067":"ai","199/23404":"vm","199837/8247005":"op","2/101":"ⅰd ⅰh ⅰi ⅰu","2/10133685":"ià iá iç iñ ič iń iņ iş iţ iū","2/109":"éi ém","2/11":"än är ōm ōs ōt ｔe","2/1249285":"ló","2/12579789":"uß uá uó uⅰ","2/13":"či čk ğu īr ａg ａｃ","2/1300437":"ró rü","2/13368257":"gü gē gⅲ","2/1474273":"bó bū","2/15":"åk ås øb øk øs đư đế đồ đứ","2/16841067":"aí aî aú ağ aš aⅰ","2/1804091":"pà pä pæ pú pı","2/181":"ⅱd ⅱh ⅱk ⅱp ⅱu","2/19":"ôr","2/21":"âl úd úm šo","2/22442333":"eç eó eč eⅱ","2/23":"ⅳj","2/27":"āy łł","2/3":"ơn ȟá ệt ủy ức","2/3142081":"tá tæ tô tú tȟ","2/327":"éw éx éâ","2/33":"äk","2/3377895":"iⅱ","2/387":"xk","2/3901311":"rà rã rō rɪ rầ rị","2/4187":"zā","2/4416097":"mè mö mú mē mⅰ","2/45":"èg èl èm èo","2/467":"qh","2/47":"üt","2/5":"ël în ði ţi ươ","2/5217043":"dá dâ dè dì dí dū dʒ","2/5613689":"aⅱ","2/63":"ⅲb ⅲr ⅲu","2/7":"ən ər","2/81":"ói óp","2/9":"ēo ēr ŋa","2/9791":"if","2/99":"xm","20/1300437":"rz","20/3269":"qq","2021/3901311":"rn","20219/3377895":"ia","204582/401311":"da","206554/4193263":"um","2067/1706996":"cu","2071/1474273":"bc","209/4921046":"yd","209628/13368257":"gb","20963/3142081":"tb","2097/28408":"fe","21/999428":"lx","210/1474273":"bd","210541/17890180":"nu","211701/22442333":"ed","212/10133685":"iq","213/2988130":"hm","214/3142081":"tz","21592/4193263":"uy","216/5217043":"dk","216/783085":"sm","216586/1804091":"pe","2179/88119":"ik","218423/4997140":"lh","218840/16841067":"ay","219/23404":"vt","219/2460523":"yp","22/8247005":"oq","22141/1249285":"lm","2222990/12579789":"ul","22358/3142081":"tc","224050/2460523":"yu","227607/626468":"se","23/1367460":"jm","23/3269":"qd","23/4187":"zc","2300/1804091":"pk","230039/12579789":"ut","23080/13368257":"gk","233/8514":"xs","2338/1804091":"pl","235/22442333":"ez","235/23404":"vw","2355/28408":"fc","235743/8945090":"ny","236/22442333":"eq","236825/1804091":"py","237446/12579789":"uj","238/1550699":"kl","239/3269":"qr","239/4921046":"yw","239671/5613689":"am","24/249857":"ln","24/307":"ｍr","24/3269":"qw","240/1804091":"pf","242/1494065":"hr","2431/6264680":"sh","245/4257":"xi","24563/4193263":"uw","248/3901311":"rh","2491/1706996":"cm","249522/1474273":"bo","25/2406312":"wv","25/327":"én","25/88":"án","250/1804091":"pv","25082/1804091":"pb","25133/999428":"ld","25678/3377895":"ic","257/1125965":"iv","257/1203156":"wt","257/1494065":"hn","257/5469840":"jd","259/1474273":"bj","26/4187":"zf zt","2627/300789":"we","263/3132340":"sj","263/4193263":"uv","265772/5613689":"al","267476/13368257":"gn","268831/13368257":"gd","269293/16841067":"as","2695443/8945090":"ng","269762/12579789":"us","27/1277870":"nv","27/2988130":"hq","27/4416097":"mé","27/5217043":"dz","27439/626468":"ss","27559/1249285":"la","277/11702":"vd","277295/1804091":"pa","2774884/8247005":"on","28/1474273":"bq","28/3142081":"tq","28/327":"ét","281/5469840":"jp","281146/4416097":"mo","28169/16494010":"oa","282138/8247005":"om","285078/22442333":"ej","2851/1706996":"cr","2861/23404":"vi","287/28408":"fb","29/1494065":"hj","29/17890180":"né","29/3551":"fg","29/4187":"zd zl","29/4416097":"mq","29/911640":"jb","291680/5613689":"ag","291837/2498570":"ll","2928/783085":"sw","293/14204":"fd","29481/5613689":"ac","2968/22442333":"ee","296800/3142081":"to","297/23404":"vj","297/4997140":"lv","29709/2498570":"lc","298739/3142081":"tt","3/10":"şi ⅴr ｅｃ","3/101":"ⅰj ⅰy","3/109":"éd","3/13":"ča ğa īn","3/14":"ær","3/1494065":"hé","3/16":"êt","3/16494010":"oã oⅱ oⅲ","3/1706996":"că","3/17890180":"nè nü","3/1804091":"pó pⅱ","3/181":"ⅱa ⅱs","3/20":"ön","3/22":"ár ıl ıs","3/23404":"ví vă","3/2460523":"yễ","3/2498570":"lá lí","3/28408":"fä fā","3/2948546":"bö","3/2988130":"hà","3/3101398":"kó kā kⅶ","3/3132340":"sá só","3/32":"çi çã ｃs","3/34":"ｇd ｇg","3/3578036":"nｔ","3/4":"ản ồn","3/44":"ás","3/4416097":"mě","3/4472545":"ná","3/47":"üh","3/4921046":"yń","3/4997140":"lø lü lī","3/5":"ườ ịn","3/5217043":"dó dô dü dł","3/5613689":"añ","3/5976260":"hị","3/614":"ｍｓ","3/6264680":"sı sⅲ","3/66842":"wl","3/8":"ʔi ⅶd ｂａ","3/8247005":"oğ","3/853498":"cí","3/88":"áv","3/8945090":"nｍ","3/94":"üc üv","30/1909751":"gf","30/3142081":"té","30/4187":"zb","301/4997140":"lr","301/5976260":"hz","302/4416097":"mz","303/5976260":"hc","304726/16841067":"at","3061/1706996":"cc","306227/3101398":"ke","30777/3101398":"kw","31/3269":"qg qt","31/4257":"xl","310/1909751":"gr","310741/3901311":"ry","312117/22442333":"er","3125/273492":"jy","31731/1277870":"ns","318832/8247005":"os","32/12579789":"uq","321/5976260":"hl","3237/1804091":"pw","3242/3901311":"rt","325/27446":"ku","3260/1474273":"bs","3283/5976260":"ht","33/23404":"vx","33/3269":"qb qc","33/4187":"zm","330849/22442333":"eh","33283/16841067":"ao","334/4187":"zi","33480/284431":"ga","3362/1804091":"pr","33742/10133685":"ii","339204/2460523":"yo","34/1419":"xn","34/2460523":"yk","34/4187":"zk","34/81":"ón","341/802104":"ws","341091/1474273":"bu","3411/853498":"co","34399/2555740":"nn","34466/1249285":"lb","345/5217043":"df","34509/999428":"li","34518/1804091":"pc","347/5976260":"hg","35/1419":"xu","35/50837":"br","35026/4472545":"nc","35053/17890180":"nk","351/1566170":"sg","35323/1550699":"ky","356/13368257":"gv","357/853498":"cy","3581/1125965":"io","36/1804091":"pq","36/307":"ｍe","361262/10133685":"ij","363063/5976260":"hy","365/4921046":"yc","37/1494065":"hh","37/1706996":"cz","37/3132340":"sx","37/999428":"lw","370/4187":"zo","3737/12579789":"uo","3746981/12579789":"un","3762/5217043":"dy","378/2460523":"yt","38/327":"ée","38/473":"xp","383/5217043":"dt","3845/3101398":"km","384547/2406312":"wi","389/23404":"vg","39/4187":"zw","39/426749":"cv","391/4921046":"yr","393/4921046":"yl","393313/8247005":"ok","398/1474273":"bn","4/101":"ⅰb","4/10133685":"iß","4/13":"če ğl ａｔ","4/1300437":"rí","4/13368257":"gè gó","4/1474273":"bá","4/1550699":"kⅱ","4/16841067":"aç ač","4/17":"ūn","4/181":"ⅱj","4/19":"ôm ôt","4/21":"úl","4/23":"ⅳu","4/27":"ās łu","4/3142081":"tè tó","4/3269":"qk","4/327":"éz","4/33":"ài ís","4/33421":"wg","4/3901311":"rè","4/4187":"zá","4/4257":"xq","4/4416097":"má mó","4/4472545":"nç","4/5":"ｘｙ","4/5217043":"dö","40/2460523":"yz","40/3269":"qo","403/5469840":"jr","405/14204":"fu","405/28408":"fm","407/2948546":"bk","407395/4416097":"me","409276/426749":"ch","412552/10133685":"it","415867/3101398":"ka","41602/4416097":"mc","4187/3142081":"tk","420967/10133685":"is","427/2948546":"bp","43/1706996":"cq","43184/1550699":"kb","43459/3578036":"no","439/11702":"vs","43931/4193263":"ue","43947/1249285":"ls","443/28408":"fn","443/300789":"ww","445/1300437":"rk","447/3132340":"sl","4483/3142081":"tr","449071/22442333":"et","449299/16841067":"aj","44955/13368257":"gp","45/4187":"zg","45027/17890180":"np","451/14204":"fl","4517/1706996":"ct","459979/13368257":"gs","46/1419":"xg","46/4472545":"nz","461/4921046":"ym","461/5976260":"hk","464573/2948546":"be","467048/10133685":"id","46888/4416097":"mb","469/2406312":"wn","47/1203156":"wy","47/5217043":"dq","472/5217043":"dh","472502/4416097":"mi","4761/22442333":"ea","479/1706996":"cf","48/3269":"qe","480240/3142081":"ta","48621/999428":"lg","49936/4416097":"mp","5/109":"él éo","5/1093968":"jv","5/14204":"fé fü","5/1550699":"kq","5/16":"êm","5/17":"ｇe","5/21":"ân št","5/28408":"fö","5/2948546":"bü","5/3142081":"tö","5/3269":"qx","5/327":"éa év","5/4187":"zv zö","5/433479":"ré","5/4416097":"mí","5/47":"ül","5/54":"āl","5/614":"ｍb","5/63":"ⅲe","5/81":"ól ór","5/8514":"xz","5/88":"ál át","5/94":"üb","50/1474273":"bf","50/4257":"xw","50311/4416097":"mk","506/2460523":"ys","506/4187":"za","50949/13368257":"gt","51/1649401":"ox","511/3298802":"of","513/7102":"fo","51346/1909751":"gj","51701/4416097":"mm","52/1550699":"kv","52/4257":"xb","520946/12579789":"uk","523678/3901311":"ra","52993/4997140":"lp","53/1419":"xe","53/4921046":"yy","5307/2498570":"lu","531291/13368257":"gg","531947/3142081":"te","532/1300437":"rc","532232/22442333":"eg","53287/3142081":"ts","538/5217043":"dv","538051/3901311":"ri","54/4187":"zp","540/5217043":"dl","541/3901311":"rf","544311/17890180":"nj","550671/6264680":"su","5521/1706996":"ca","556/12579789":"ux","557/4921046":"yn","559/28408":"fp","562039/16494010":"ot","5621/1300437":"rw","567/4997140":"lf","56766/1804091":"pp","57/3269":"qn","57044/5613689":"ah","5736/3142081":"th","575/2948546":"bh","575281/10133685":"ig","579/3132340":"sd","58/4257":"xj","58140/3142081":"tu","58588/1550699":"ki","59/3901311":"rq","59/4921046":"yf yh","59/8514":"xf","591111/5976260":"he","59733/3298802":"ob","599/3101398":"kh","6/109":"ég és","6/13368257":"gⅰ","6/1550699":"kö","6/181":"ⅱb ⅱr","6/19":"ôn","6/22442333":"eñ","6/307":"ｍj","6/3142081":"tà","6/7":"ńs","60/1804091":"px","601183/5976260":"ho","604/4187":"ze","606/3142081":"tl","60795/5217043":"di","61/14204":"fx","61/3269":"qi qp","61505/3142081":"tj","623/5217043":"dj","635/1706996":"cw","641923/4416097":"my","645/4416097":"mv","6464/3142081":"tv","647/1300437":"rd","650731/16841067":"ar","65311/1195252":"hi","6538/1249285":"lt","655101/16494010":"or","656/10133685":"iz","66369/1125965":"im","6641/894509":"nt","665464/10133685":"ir","66747/22442333":"ew","67/1203156":"wd","67/23404":"vf vv","67/8514":"xh","6703/3142081":"ty","67297/1550699":"kd","674197/22442333":"es","679/7102":"fi","68/2460523":"yj","681/426749":"cn","6859/1706996":"ce","69/23404":"vk","69/2948546":"bv","6924434/22442333":"eu","69249/16494010":"ow","697/12579789":"uf","7/10133685":"iè ić","7/1550699":"kⅰ","7/16":"ｏｍ","7/23404":"vz","7/2406312":"wx wz","7/2988130":"hx","7/3101398":"kü","7/387":"xo","7/3901311":"rá rö","7/40":"öl","7/467":"qa","7/54":"ān","7/546984":"jl","7/5469840":"jz","7/5976260":"há hö hā","7/614":"ｍi","7/638935":"nx","7/66":"ät ío","7/94":"üd üs","701293/13368257":"gh","703569/16494010":"ol","706816/13368257":"gu","707/11702":"vr","71/14204":"fw","71/4187":"zh","717/1252936":"sn","72016/3377895":"ip","722397/17890180":"nd","7288/1804091":"pt","73/601578":"wp","73687/630871":"mu","737/8247005":"ov","748144/13368257":"gw","75/28408":"fy","75/4187":"zn","75950/16841067":"aw","76/3901311":"rj","7613/607760":"jj","762129/16494010":"og","763/23404":"vp","767/6264680":"sf","77/433479":"rb","77174/10133685":"iu","785/23404":"vn","79/1203156":"wm","7922/990651":"au","7933/3142081":"tp","79954/3142081":"ti","8/13368257":"gé","8/1550699":"kx","8/16841067":"aß","8/181":"ⅱn","8/300789":"wj","8/3142081":"tā","8/3269":"qf","8/33":"àn","8/4187":"zx","8/4416097":"mⅱ","8/45":"ès","807/3142081":"tm","809189/2948546":"ba","81/28408":"fj","811/5976260":"hd","814894/4416097":"ma","8163/499714":"le","81927/1195252":"hu","83/11702":"vb","83/4472545":"nr","831/5217043":"dd","84069/4997140":"lk","84478/22442333":"el","845/853498":"cb","85/12579789":"uz","8505052/22442333":"eo","8539/75970":"ju","855/2948546":"bt","86/1494065":"hp","86/2460523":"yi","86/3269":"qs","86640/1804091":"pd","874606/22442333":"en","88/5851":"vu","881391/3142081":"td","883/1300437":"rs","88489/12579789":"uu","889/3142081":"tx","89062/5217043":"dw","891/14204":"ft","89287/8247005":"ou","89473/12579789":"uc","895/3101398":"kn","895093/17890180":"na","899840/13368257":"gy","9/101":"ⅰg","9/109":"ér","9/17890180":"nⅱ","9/3101398":"kz","9/32":"ço","9/3269":"qj","9/4997140":"lⅱ","9/614":"ｍk","9/6264680":"sł","9027/6264680":"st","90607/1804091":"pj","909991/3901311":"ro","91/2734920":"jc","91/4187":"zr","91/5469840":"jh","914/5217043":"dm","9157/225193":"ih","92629/16494010":"oc","93/13368257":"gx","9370/1649401":"oi","9382/3142081":"tw","95/4416097":"mx","95/7102":"fs","95831/22442333":"ep","95919/4997140":"lo","97/3269":"qm","975/23404":"vo","977/5217043":"db","9858/8247005":"oo","987/853498":"ck","991/13368257":"gl","99995/5217043":"du"}}